,Open_logret,High_logret,Low_logret,Close_logret,Volume_log,SP500_logret_lag0,SPY_logret_lag0,us10y_logret_lag0,us10y_logret_lag1,fedfunds_logret_lag0,fedfunds_logret_lag1
2024-09-13,0.0,0.0,0.0,0.0,19.058896446268434,0.0,0.0,-0.006269613013595521,0.005176418042740494,0.0,0.0
2024-09-16,0.0,0.0,0.0,0.0,19.058896446268434,0.0,0.0,-0.010721752194140732,-0.006269613013595521,0.0,0.0
2024-09-17,0.0,0.0,0.0,0.0,19.058896446268434,0.0,0.0,0.008257685238981516,-0.010721752194140732,0.0,0.0
2024-09-18,0.0,0.0,0.0,0.0,19.058896446268434,0.0,0.0,0.017661102982858168,0.008257685238981516,0.0,0.0
2024-09-19,0.0,0.0,0.0,0.0,19.058896446268434,0.0,0.0,0.001614639747989921,0.017661102982858168,0.0,0.0
2024-09-20,0.0,0.0,0.0,0.0,19.058896446268434,0.0,0.0,0.005898140423076015,0.001614639747989921,0.0,0.0
2024-09-23,0.0,0.0,0.0,0.0,19.058896446268434,0.0,0.0,0.002669515733741301,0.005898140423076015,0.0,0.0
2024-09-24,0.0,0.0,0.0,0.0,19.058896446268434,0.0,0.0,-0.005078188114652882,0.002669515733741301,0.0,0.0
2024-09-25,0.0,0.0,0.0,0.0,19.058896446268434,0.0,0.0,0.015685553549100284,-0.005078188114652882,0.0,0.0
2024-09-26,0.0,0.0,0.0,0.0,19.058896446268434,0.0,0.0,0.0013180442134836934,0.015685553549100284,0.0,0.0
2024-09-27,0.0,0.0,0.0,0.0,19.058896446268434,0.0,0.0,-0.011925409647931096,0.0013180442134836934,0.0,0.0
2024-09-30,0.0,0.0,0.0,0.0,19.058896446268434,0.0,0.0,0.0095516778199074,-0.011925409647931096,0.0,0.0
2024-10-01,-0.9523359496906774,-0.9412513332106034,-0.9414346604686039,-0.9376614780197992,20.095531796808057,-0.2353671920182272,-0.29873408664938417,-0.01489785468063709,0.0095516778199074,0.0,0.0
2024-10-02,0.0,0.0,0.0,0.0,20.095531796808057,0.0,0.0,0.013841051411871419,-0.01489785468063709,0.0,0.0
2024-10-03,0.0,0.0,0.0,0.0,20.095531796808057,0.0,0.0,0.01651630151569594,0.013841051411871419,0.0,0.0
2024-10-04,0.4480609852869235,0.4704613999106302,0.44786372412880615,0.4709231695404146,19.88377409835712,0.07589855932602951,0.10555869523748473,0.03449939685159209,0.01651630151569594,0.0,0.0
2024-10-07,0.4680805373956689,0.4355199623046637,0.4586202448247354,0.43824010634309296,19.332883133934303,0.08774309207567832,0.04933596605690127,0.01124028319941961,0.03449939685159209,0.0,0.0
2024-10-08,0.0,0.0,0.0,0.0,19.332883133934303,0.0,0.0,0.0022329745043123683,0.01124028319941961,0.0,0.0
2024-10-09,-0.21769323693937892,-0.21100435497827252,-0.23249464323005853,-0.2215511648055637,19.40754177292326,-0.024870480024217656,-0.007546287028119991,0.007899325203175378,0.0022329745043123683,0.0,0.0
2024-10-10,0.20174945330980165,0.210263888450549,0.22171327693450937,0.2208096550578107,19.305728460213533,0.05047911830442686,0.045661091859069636,0.006616860314010431,0.007899325203175378,0.0,0.0
2024-10-11,0.0,0.0,0.0,0.0,19.305728460213533,0.0,0.0,-0.005142658572822256,0.006616860314010431,0.0,0.0
2024-10-14,0.0,0.0,0.0,0.0,19.305728460213533,0.0,0.0,0.0,-0.005142658572822256,0.0,0.0
2024-10-15,0.0,0.0,0.0,0.0,19.305728460213533,0.0,0.0,-0.008630308775629869,0.0,0.0,0.0
2024-10-16,0.0,0.0,0.0,0.0,19.305728460213533,0.0,0.0,-0.005463137501217741,-0.008630308775629869,0.0,0.0
2024-10-17,0.0,0.0,0.0,0.0,19.305728460213533,0.0,0.0,0.019724505347778587,-0.005463137501217741,0.0,0.0
2024-10-18,0.0,0.0,0.0,0.0,19.305728460213533,0.0,0.0,-0.005140141044380542,0.019724505347778587,0.0,0.0
2024-10-21,0.0,0.0,0.0,0.0,19.305728460213533,0.0,0.0,0.025918854313615958,-0.005140141044380542,0.0,0.0
2024-10-22,0.0,0.0,0.0,0.0,19.305728460213533,0.0,0.0,0.0057224762740661905,0.025918854313615958,0.0,0.0
2024-10-23,0.0,0.0,0.0,0.0,19.305728460213533,0.0,0.0,0.008522778861982383,0.0057224762740661905,0.0,0.0
2024-10-24,0.0,0.0,0.0,0.0,19.305728460213533,0.0,0.0,-0.009474253719681913,0.008522778861982383,0.0,0.0
2024-10-25,0.0,0.0,0.0,0.0,19.305728460213533,0.0,0.0,0.007114092133189587,-0.009474253719681913,0.0,0.0
2024-10-28,0.0,0.0,0.0,0.0,19.305728460213533,0.0,0.0,0.010810916104215584,0.007114092133189587,0.0,0.0
2024-10-29,0.0,0.0,0.0,0.0,19.305728460213533,0.0,0.0,-0.0009354537632579873,0.010810916104215584,0.0,0.0
2024-10-30,0.0,0.0,0.0,0.0,19.305728460213533,0.0,0.0,0.0058322806171886565,-0.0009354537632579873,0.0,0.0
2024-10-31,0.0,0.0,0.0,0.0,19.305728460213533,0.0,0.0,-0.004195810351335538,0.0058322806171886565,0.0,0.0
2024-11-01,-0.8747866866283571,-0.8915981192837839,-0.8943948023781796,-0.8998112888283334,20.207025582154635,-0.18992157871795712,-0.18654645061355524,0.02400299866133726,-0.004195810351335538,0.0,0.0
2024-11-04,0.46339090420269713,0.494321615081172,0.48430067626800133,0.5026198483643523,19.883102467776553,0.08398708556794077,0.10381066135903971,-0.022835728772761188,0.02400299866133726,0.0,0.0
2024-11-05,0.0,0.0,0.0,0.0,19.883102467776553,0.0,0.0,-0.0014008874576796337,-0.022835728772761188,0.0,0.0
2024-11-06,0.33140993008374764,0.303128611643662,0.3118330317515561,0.2883715279471639,19.220662357919508,0.0333402671094305,0.028226874012601932,0.034672282623646966,-0.0014008874576796337,0.0,0.0
2024-11-07,0.10868093929512845,0.10263033324028914,0.0676444809236445,0.05228527595190702,19.741849747780027,0.03818395853020107,0.023354190708319678,-0.024213151833509805,0.034672282623646966,0.0,0.0
2024-11-08,0.0,0.0,0.0,0.0,19.741849747780027,0.0,0.0,-0.004635002504148611,-0.024213151833509805,0.0,0.0
2024-11-11,0.09098138661500688,0.08918186834201602,0.12224201137342927,0.13119349703995908,19.021328795499947,0.07198237826383469,0.0905413321532933,0.0,-0.004635002504148611,0.0,0.0
2024-11-12,-0.07919112883983104,-0.06008311578681891,-0.059993595768935926,-0.04182357445988849,19.035325701765682,0.01370915944437101,0.04091526308186655,0.02839668706136722,0.0,0.0,0.0
2024-11-13,0.0,0.0,0.0,0.0,19.035325701765682,0.0,0.0,0.00473027123708758,0.02839668706136722,0.0,0.0
2024-11-14,0.0,0.0,0.0,0.0,19.035325701765682,0.0,0.0,-0.0011242272122808927,0.00473027123708758,0.0,0.0
2024-11-15,0.0,0.0,0.0,0.0,19.035325701765682,0.0,0.0,-0.00022499718848445482,-0.0011242272122808927,0.0,0.0
2024-11-18,0.0,0.0,0.0,0.0,19.035325701765682,0.0,0.0,-0.007000141489973188,-0.00022499718848445482,0.0,0.0
2024-11-19,0.0,0.0,0.0,0.0,19.035325701765682,0.0,0.0,-0.0040871991502700045,-0.007000141489973188,0.0,0.0
2024-11-20,0.0,0.0,0.0,0.0,19.035325701765682,0.0,0.0,0.0040871991502700045,-0.0040871991502700045,0.0,0.0
2024-11-21,0.0,0.0,0.0,0.0,19.035325701765682,0.0,0.0,0.001358695861192638,0.0040871991502700045,0.0,0.0
2024-11-22,0.0,0.0,0.0,0.0,19.035325701765682,0.0,0.0,-0.0018120050258003673,0.001358695861192638,0.0,0.0
2024-11-25,0.0,0.0,0.0,0.0,19.035325701765682,0.0,0.0,-0.03155126422584664,-0.0018120050258003673,0.0,0.0
2024-11-26,0.0,0.0,0.0,0.0,19.035325701765682,0.0,0.0,0.004668542559633337,-0.03155126422584664,0.0,0.0
2024-11-27,0.0,0.0,0.0,0.0,19.035325701765682,0.0,0.0,-0.00794953917531016,0.004668542559633337,0.0,0.0
2024-11-28,0.0,0.0,0.0,0.0,19.035325701765682,0.0,0.0,0.0,-0.00794953917531016,0.0,0.0
2024-11-29,0.0,0.0,0.0,0.0,19.035325701765682,0.0,0.0,-0.019675874766240886,0.0,0.0,0.0
2024-12-02,-0.6376402947584703,-0.6305814251915427,-0.6406343062219069,-0.6565693387255918,20.235033063462488,-0.19189720295267065,-0.20883966024213407,0.004300054404131393,-0.019675874766240886,0.0,0.0
2024-12-03,0.19293991311146552,0.20907915341155725,0.18989514382517836,0.24067751037747698,20.319918486306076,0.030095111292412824,0.008846806875770774,0.007362579274695413,0.004300054404131393,0.0,0.0
2024-12-04,0.0185659341225346,-0.019656922383164854,0.01589162877040806,-0.04131625946992923,19.87182607973489,-0.010071278717028065,0.02371551913728087,-0.010227226733803718,0.007362579274695413,0.0,0.0
2024-12-05,0.0,0.0,0.0,0.0,19.87182607973489,0.0,0.0,-0.0014354069450230877,-0.010227226733803718,0.0,0.0
2024-12-06,0.31620127224759376,0.3415449803747217,0.3367007036087273,0.35041888076590855,19.51795881294512,0.05646560131076228,0.022341315018935326,-0.006966995147757338,-0.0014354069450230877,0.0,0.0
2024-12-09,-0.051866563792803966,-0.04918825726935072,-0.060451266524330194,-0.049613186465456316,19.721144851191116,0.03172333380934411,0.022924860962048932,0.0124582349220419,-0.006966995147757338,0.0,0.0
2024-12-10,0.0,0.0,0.0,0.0,19.721144851191116,0.0,0.0,0.006407996295330287,0.0124582349220419,0.0,0.0
2024-12-11,0.2281293895973766,0.2142457336815209,0.2354440836847287,0.21887054378643622,19.107004704198417,0.06707840144124155,0.09481438610563409,0.01105763531230286,0.006407996295330287,0.0,0.0
2024-12-12,-0.06837017011050861,-0.0778622155315638,-0.0724918973888764,-0.07671021279444723,18.8857346497532,0.011177292723981935,0.03575322885804155,0.014171453335549256,0.01105763531230286,0.0,0.0
2024-12-13,0.0,0.0,0.0,0.0,18.8857346497532,0.0,0.0,0.01351836372991344,0.014171453335549256,0.0,0.0
2024-12-16,0.0,0.0,0.0,0.0,18.8857346497532,0.0,0.0,0.001819009141851291,0.01351836372991344,0.0,0.0
2024-12-17,0.0,0.0,0.0,0.0,18.8857346497532,0.0,0.0,-0.001819009141851291,0.001819009141851291,0.0,0.0
2024-12-18,0.0,0.0,0.0,0.0,18.8857346497532,0.0,0.0,0.02782944408339283,-0.001819009141851291,0.0,0.0
2024-12-19,0.0,0.0,0.0,0.0,18.8857346497532,0.0,0.0,0.01034909600112055,0.02782944408339283,0.0,0.0
2024-12-20,0.0,0.0,0.0,0.0,18.8857346497532,0.0,0.0,-0.00791734947285505,0.01034909600112055,0.0,0.0
2024-12-23,0.0,0.0,0.0,0.0,18.8857346497532,0.0,0.0,0.012943034693047473,-0.00791734947285505,0.0,0.0
2024-12-24,0.0,0.0,0.0,0.0,18.8857346497532,0.0,0.0,0.0004358248053293323,0.012943034693047473,0.0,0.0
2024-12-25,0.0,0.0,0.0,0.0,18.8857346497532,0.0,0.0,0.0,0.0004358248053293323,0.0,0.0
2024-12-26,0.0,0.0,0.0,0.0,18.8857346497532,0.0,0.0,-0.0013080446600153284,0.0,0.0,0.0
2024-12-27,0.0,0.0,0.0,0.0,18.8857346497532,0.0,0.0,0.009768882636695064,-0.0013080446600153284,0.0,0.0
2024-12-30,0.0,0.0,0.0,0.0,18.8857346497532,0.0,0.0,-0.021177518883373603,0.009768882636695064,0.0,0.0
2024-12-31,0.0,0.0,0.0,0.0,18.8857346497532,0.0,0.0,0.008787402766804453,-0.021177518883373603,0.0,0.0
2025-01-01,0.0,0.0,0.0,0.0,18.8857346497532,0.0,0.0,0.0,0.008787402766804453,-0.034055504412495274,0.0
2025-01-02,0.0,0.0,0.0,0.0,18.8857346497532,0.0,0.0,-0.002408848203000913,0.0,0.0,-0.034055504412495274
2025-01-03,0.0,0.0,0.0,0.0,18.8857346497532,0.0,0.0,0.008731773443768187,-0.002408848203000913,0.0,0.0
2025-01-06,0.0,0.0,0.0,0.0,18.8857346497532,0.0,0.0,0.004770173832756797,0.008731773443768187,0.0,0.0
2025-01-07,0.13114855884769394,0.12708186122796228,0.10933640104563658,0.109937182685238,19.177459789448836,0.023963410516172345,-0.009424120180302253,0.01310860072938258,0.004770173832756797,0.0,0.0
2025-01-08,0.10785915101652499,0.11602859959698097,0.1205004584885847,0.125048021788853,19.136225226843607,0.006432948474296651,0.04472849641791399,0.0017064850557582112,0.01310860072938258,0.0,0.0
2025-01-09,0.0,0.0,0.0,0.0,19.136225226843607,0.0,0.003765601144017694,-0.0008528785165178299,0.0017064850557582112,0.0,0.0
2025-01-10,0.0,0.0,0.0,0.0,19.136225226843607,0.0,0.0,0.015661695789959573,-0.0008528785165178299,0.0,0.0
2025-01-13,0.0,0.0,0.0,0.0,19.136225226843607,0.0,0.0,0.005653873295801359,0.015661695789959573,0.0,0.0
2025-01-14,0.0,0.0,0.0,0.0,19.136225226843607,0.0,0.0,0.0006262394526759252,0.005653873295801359,0.0,0.0
2025-01-15,0.0,0.0,0.0,0.0,19.136225226843607,0.0,0.0,-0.02922079593304816,0.0006262394526759252,0.0,0.0
2025-01-16,0.0,0.0,0.0,0.0,19.136225226843607,0.0,0.0,-0.009282311655531617,-0.02922079593304816,0.0,0.0
2025-01-17,0.0,0.0,0.0,0.0,19.136225226843607,0.0,0.0,0.002382758627620607,-0.009282311655531617,0.0,0.0
2025-01-20,0.0,0.0,0.0,0.0,19.136225226843607,0.0,0.0,0.0,0.002382758627620607,0.0,0.0
2025-01-21,0.0,0.0,0.0,0.0,19.136225226843607,0.0,0.0,-0.01087676591962472,0.0,0.0,0.0
2025-01-22,0.0,0.0,0.0,0.0,19.136225226843607,0.0,0.0,0.008710856474248407,-0.01087676591962472,0.0,0.0
2025-01-23,0.0,0.0,0.0,0.0,19.136225226843607,0.0,0.0,0.0071297698589889436,0.008710856474248407,0.0,0.0
2025-01-24,0.0,0.0,0.0,0.0,19.136225226843607,0.0,0.0,-0.0062628430600033536,0.0071297698589889436,0.0,0.0
2025-01-27,0.0,0.0,0.0,0.0,19.136225226843607,0.0,0.0,-0.01814455724708597,-0.0062628430600033536,0.0,0.0
2025-01-28,0.0,0.0,0.0,0.0,19.136225226843607,0.0,0.0,0.0,-0.01814455724708597,0.0,0.0
2025-01-29,0.0,0.0,0.0,0.0,19.136225226843607,0.0,0.0,0.0,0.0,0.0,0.0
2025-01-30,0.0,0.0,0.0,0.0,19.136225226843607,0.0,0.0,-0.0030932415295696902,0.0,0.0,0.0
2025-01-31,0.0,0.0,0.0,0.0,19.136225226843607,0.0,0.0,0.005076713254223986,-0.0030932415295696902,0.0,0.0
2025-02-03,0.0,0.0,0.0,0.0,19.136225226843607,0.0,0.0,0.001979545351138201,0.005076713254223986,0.0,0.0
2025-02-04,-0.4840369582219717,-0.4552271956713394,-0.4701557854753631,-0.45315353081072285,19.211861669316768,-0.09530104231663472,-0.10075144714204853,-0.008606474838747102,0.001979545351138201,0.0,0.0
2025-02-05,0.06224070188745845,0.030084070153251652,0.05979251684605291,0.036283546138395906,19.063534135715745,0.0027646606161209064,-0.014906981797824237,-0.019922315309568006,-0.008606474838747102,0.0,0.0
2025-02-06,0.17112168632222602,0.17971851844779252,0.1775765544486676,0.18217598579144134,19.102058945971503,0.0429005584355604,0.03484001407213455,0.002709416875352977,-0.019922315309568006,0.0,0.0
2025-02-07,0.1214093570353807,0.13193730490198696,0.12200846325699999,0.13508608679481426,18.95845984311905,0.04793672382791492,0.03625121196811332,0.013215558001594685,0.002709416875352977,0.0,0.0
2025-02-10,0.0,0.0,0.0,0.0,18.95845984311905,0.0,0.0,0.0013342230131367927,0.013215558001594685,0.0,0.0
2025-02-11,0.0,0.0,0.0,0.0,18.95845984311905,0.0,0.0,0.007968169649176682,0.0013342230131367927,0.0,0.0
2025-02-12,0.0,0.0,0.0,0.0,18.95845984311905,0.0,0.0,0.01943080453893775,0.007968169649176682,0.0,0.0
2025-02-13,0.0,0.0,0.0,0.0,18.95845984311905,0.0,0.0,-0.020313027798628758,0.01943080453893775,0.0,0.0
2025-02-14,0.0,0.0,0.0,0.0,18.95845984311905,0.0,0.0,-0.012210163906931193,-0.020313027798628758,0.0,0.0
2025-02-17,0.0,0.0,0.0,0.0,18.95845984311905,0.0,0.0,0.0,-0.012210163906931193,0.0,0.0
2025-02-18,0.0,0.0,0.0,0.0,18.95845984311905,0.0,0.0,0.01639380977567617,0.0,0.0,0.0
2025-02-19,0.0,0.0,0.0,0.0,18.95845984311905,0.0,0.0,-0.003742436949167649,0.01639380977567617,0.0,0.0
2025-02-20,0.0,0.0,0.0,0.0,18.95845984311905,0.0,0.0,-0.006194710075284382,-0.003742436949167649,0.0,0.0
2025-02-21,0.0,0.0,0.0,0.0,18.95845984311905,0.0,0.0,-0.01701025795300848,-0.006194710075284382,0.0,0.0
2025-02-24,0.0,0.0,0.0,0.0,18.95845984311905,0.0,0.0,-0.007022341690461564,-0.01701025795300848,0.0,0.0
2025-02-25,0.0,0.0,0.0,0.0,18.95845984311905,0.0,0.0,-0.02346013757372467,-0.007022341690461564,0.0,0.0
2025-02-26,0.0,0.0,0.0,0.0,18.95845984311905,0.0,0.0,-0.010057388014812707,-0.02346013757372467,0.0,0.0
2025-02-27,0.0,0.0,0.0,0.0,18.95845984311905,0.0,0.0,0.0025824641655969316,-0.010057388014812707,0.0,0.0
2025-02-28,0.0,0.0,0.0,0.0,18.95845984311905,0.0,0.0,-0.014881578520833605,0.0025824641655969316,0.0,0.0
2025-03-03,-0.21398506944379747,-0.2422008980253363,-0.3092460722414927,-0.3211122698521569,19.835027921945134,-0.0625683249747766,0.01618240117180214,-0.010526412986987532,-0.014881578520833605,0.0,0.0
2025-03-04,-0.1766538980542638,-0.1579168575633716,-0.0999522163493003,-0.11371452161197126,19.64083197195762,-0.08063949546821547,-0.08774128737992015,0.01976490105663231,-0.010526412986987532,0.0,0.0
2025-03-05,0.0,0.0,0.0,0.0,19.64083197195762,0.0,0.0,0.008920246942226262,0.01976490105663231,0.0,0.0
2025-03-06,0.2932217190757438,0.29588463576618995,0.30584776551891313,0.327308853971779,19.234185425609063,0.10105460065125271,0.043009218598848875,0.0,0.008920246942226262,0.0,0.0
2025-03-07,0.13204412203223193,0.12545307606432665,0.13424697560606802,0.12072132586401896,18.783377527167566,0.0504575699051113,0.03183680726100757,0.005825485424803656,0.0,0.0,0.0
2025-03-10,0.0,0.0,0.0,0.0,18.783377527167566,0.0,0.0,-0.02018374080290064,0.005825485424803656,0.0,0.0
2025-03-11,0.0,0.0,0.0,0.0,18.783377527167566,0.0,0.0,0.014825545106226246,-0.02018374080290064,0.0,0.0
2025-03-12,0.0,0.0,0.0,0.0,18.783377527167566,0.0,0.0,0.007910697372582431,0.014825545106226246,0.0,0.0
2025-03-13,0.0,0.0,0.0,0.0,18.783377527167566,0.0,0.0,-0.010717716759566454,0.007910697372582431,0.0,0.0
2025-03-14,0.0,0.0,0.0,0.0,18.783377527167566,0.0,0.0,0.011412724316790523,-0.010717716759566454,0.0,0.0
2025-03-17,0.0,0.0,0.0,0.0,18.783377527167566,0.0,0.0,-0.00464253387229685,0.011412724316790523,0.0,0.0
2025-03-18,0.0,0.0,0.0,0.0,18.783377527167566,0.0,0.0,-0.0034960995870847444,-0.00464253387229685,0.0,0.0
2025-03-19,0.0,0.0,0.0,0.0,18.783377527167566,0.0,0.0,-0.008676335352169495,-0.0034960995870847444,0.0,0.0
2025-03-20,0.0,0.0,0.0,0.0,18.783377527167566,0.0,0.0,-0.0014140940371980548,-0.008676335352169495,0.0,0.0
2025-03-21,0.0,0.0,0.0,0.0,18.783377527167566,0.0,0.0,0.002120391888807971,-0.0014140940371980548,0.0,0.0
2025-03-24,0.0,0.0,0.0,0.0,18.783377527167566,0.0,0.0,0.02072975127200838,0.002120391888807971,0.0,0.0
2025-03-25,0.0,0.0,0.0,0.0,18.783377527167566,0.0,0.0,-0.005084365008794611,0.02072975127200838,0.0,0.0
2025-03-26,0.0,0.0,0.0,0.0,18.783377527167566,0.0,0.0,0.008536215174272277,-0.005084365008794611,0.0,0.0
2025-03-27,0.0,0.0,0.0,0.0,18.783377527167566,0.0,0.0,0.0016067947907827396,0.008536215174272277,0.0,0.0
2025-03-28,0.0,0.0,0.0,0.0,18.783377527167566,0.0,0.0,-0.025317807984289953,0.0016067947907827396,0.0,0.0
2025-03-31,0.0,0.0,0.0,0.0,18.783377527167566,0.0,0.0,-0.00969160168236316,-0.025317807984289953,0.0,0.0
2025-04-01,0.0,0.0,0.0,0.0,18.783377527167566,0.0,0.0,-0.011947573421118074,-0.00969160168236316,0.0,0.0
2025-04-02,-0.30310207150216684,-0.2838380600303738,-0.30153173697685265,-0.294862301070447,19.362834139250122,-0.03921351498192216,0.021490438315293403,-0.008449054486527663,-0.011947573421118074,0.0,0.0
2025-04-03,-0.05555030864496491,-0.015716925747504717,-0.05812667316700981,-0.02267400238798789,19.802364495026126,-0.0439693947095936,-0.022051667952359466,-0.021811917295281757,-0.008449054486527663,0.0,0.0
2025-04-04,-0.11207134160475363,-0.17525580616799719,-0.17849635112535633,-0.20691675193799153,20.09266143923755,-0.12993833454072856,-0.10006784910545896,-0.0092097726266811,-0.021811917295281757,0.0,0.0
2025-04-07,0.0,0.0,0.0,0.0,20.09266143923755,0.0,0.10572921809280533,0.049278262322563604,-0.0092097726266811,0.0,0.0
2025-04-08,0.5714894961814485,0.5875980034545254,0.6390558332552647,0.6463696223344169,18.813870827933922,0.2211455297318512,0.01488679655873959,0.020731013347498273,0.049278262322563604,0.0,0.0
2025-04-09,-0.026554072280416285,-0.04761992796432679,-0.029599486085393423,-0.05299064049754865,17.917161711914147,0.026831368274335077,0.024710581976359336,0.00835853484909932,0.020731013347498273,0.0,0.0
2025-04-10,0.0,0.0,0.0,0.0,17.917161711914147,0.0,0.0,0.022632123836191065,0.00835853484909932,0.0,0.0
2025-04-11,0.0,0.0,0.0,0.0,17.917161711914147,0.0,0.0,0.015921403703549997,0.022632123836191065,0.0,0.0
2025-04-14,0.0,0.0,0.0,0.0,17.917161711914147,0.0,0.0,-0.02523224648691147,0.015921403703549997,0.0,0.0
2025-04-15,0.0,0.0,0.0,0.0,17.917161711914147,0.0,0.0,-0.010089514620458484,-0.02523224648691147,0.0,0.0
2025-04-16,0.0,0.0,0.0,0.0,17.917161711914147,0.0,0.0,-0.01369089722250827,-0.010089514620458484,0.0,0.0
2025-04-17,0.0,0.0,0.0,0.0,17.917161711914147,0.0,0.0,0.012076319545038627,-0.01369089722250827,0.0,0.0
2025-04-18,0.0,0.0,0.0,0.0,17.917161711914147,0.0,0.0,0.0,0.012076319545038627,0.0,0.0
2025-04-21,0.0,0.0,0.0,0.0,17.917161711914147,0.0,0.0,0.019204979836050295,0.0,0.0,0.0
2025-04-22,0.0,0.0,0.0,0.0,17.917161711914147,0.0,0.0,-0.0036297680505787966,0.019204979836050295,0.0,0.0
2025-04-23,0.0,0.0,0.0,0.0,17.917161711914147,0.0,0.0,-0.0036429912785009844,-0.0036297680505787966,0.0,0.0
2025-04-24,0.0,0.0,0.0,0.0,17.917161711914147,0.0,0.0,-0.016096001678749916,-0.0036429912785009844,0.0,0.0
2025-04-25,0.0,0.0,0.0,0.0,17.917161711914147,0.0,0.0,-0.014005831188919293,-0.016096001678749916,0.0,0.0
2025-04-28,0.0,0.0,0.0,0.0,17.917161711914147,0.0,0.0,-0.011585423353134061,-0.014005831188919293,0.0,0.0
2025-04-29,0.0,0.0,0.0,0.0,17.917161711914147,0.0,0.0,-0.008118478210103142,-0.011585423353134061,0.0,0.0
2025-04-30,0.0,0.0,0.0,0.0,17.917161711914147,0.0,0.0,-0.0009594627744917705,-0.008118478210103142,0.0,0.0
2025-05-01,0.0,0.0,0.0,0.0,17.917161711914147,0.0,0.0,0.011453239013502259,-0.0009594627744917705,0.0,0.0
2025-05-02,-0.33709387553940573,-0.3181336799076089,-0.33863475733137705,-0.31301339872970235,19.388082757450753,-0.07016813102677588,-0.02897413820403827,0.021592014618154964,0.011453239013502259,0.0,0.0
2025-05-05,-0.07554942295775913,-0.08625529925208841,-0.06943067137207048,-0.09233455848798133,18.70706197818086,-0.07023119515184462,-0.09847277409548649,0.009474363186989354,0.021592014618154964,0.0,0.0
2025-05-06,0.23052105349198992,0.2277548615257876,0.20887572958014378,0.20695273831175598,19.264013615578936,0.04986848177853531,0.05389168656994414,-0.011566171038644324,0.009474363186989354,0.0,0.0
2025-05-07,0.0,0.0,0.0,0.0,19.264013615578936,0.0,0.0,-0.007004464780811848,-0.011566171038644324,0.0,0.0
2025-05-08,0.23381998359519685,0.22458695355226332,0.2366654886968007,0.24167216721583706,18.86799132904388,0.05882977239047449,0.06503553734848744,0.02567505437975437,-0.007004464780811848,0.0,0.0
2025-05-09,0.0,0.0,0.0,0.0,18.86799132904388,0.028530911355060695,0.016887094425688254,0.0004566210125003245,0.02567505437975437,0.0,0.0
2025-05-12,0.0,0.0,0.0,0.0,18.86799132904388,0.0,0.0,0.02055872702103656,0.0004566210125003245,0.0,0.0
2025-05-13,0.0,0.0,0.0,0.0,18.86799132904388,0.0,0.0,-0.00044732722732065966,0.02055872702103656,0.0,0.0
2025-05-14,0.0,0.0,0.0,0.0,18.86799132904388,0.0,0.0,0.01575884349033685,-0.00044732722732065966,0.0,0.0
2025-05-15,0.0,0.0,0.0,0.0,18.86799132904388,0.0,0.0,-0.024521959898461843,0.01575884349033685,0.0,0.0
2025-05-16,0.0,0.0,0.0,0.0,18.86799132904388,0.0,0.0,0.002704531736418936,-0.024521959898461843,0.0,0.0
2025-05-19,0.0,0.0,0.0,0.0,18.86799132904388,0.0,0.0,0.0008998875747880941,0.002704531736418936,0.0,0.0
2025-05-20,0.0,0.0,0.0,0.0,18.86799132904388,0.0,0.0,0.008062753644742848,0.0008998875747880941,0.0,0.0
2025-05-21,0.0,0.0,0.0,0.0,18.86799132904388,0.0,0.0,0.024676290634348064,0.008062753644742848,0.0,0.0
2025-05-22,0.0,0.0,0.0,0.0,18.86799132904388,0.0,0.0,-0.014688414906768532,0.024676290634348064,0.0,0.0
2025-05-23,0.0,0.0,0.0,0.0,18.86799132904388,0.0,0.0,-0.0046485971923706515,-0.014688414906768532,0.0,0.0
2025-05-26,0.0,0.0,0.0,0.0,18.86799132904388,0.0,0.0,0.0008871147177478278,-0.0046485971923706515,0.0,0.0
2025-05-27,0.0,0.0,0.0,0.0,18.86799132904388,0.0,0.0,-0.014738989460391094,0.0008871147177478278,0.0,0.0
2025-05-28,0.0,0.0,0.0,0.0,18.86799132904388,0.0,0.0,0.006502994102070003,-0.014738989460391094,0.0,0.0
2025-05-29,0.0,0.0,0.0,0.0,18.86799132904388,0.0,0.0,-0.011012584608045106,0.006502994102070003,0.0,0.0
2025-05-30,0.0,0.0,0.0,0.0,18.86799132904388,0.0,0.0,-0.006347788261219733,-0.011012584608045106,0.0,0.0
2025-06-02,-0.3433547915544617,-0.3363723858425711,-0.3399233240626556,-0.32591445633174576,19.342874025455593,-0.06336027034472735,-0.030104277760688802,0.00995708611129209,-0.006347788261219733,0.0,0.0
2025-06-03,-0.11542159751189995,-0.11005688266593072,-0.1275139592257668,-0.15167989781651503,19.587512274711138,-0.058390357349388466,-0.04996771120356858,0.0035963176544535624,0.00995708611129209,0.0,0.0
2025-06-04,0.0,0.0,0.0,0.0,19.587512274711138,0.0,0.0,-0.022921688893704717,0.0035963176544535624,0.0,0.0
2025-06-05,-0.018221916562694673,-0.005302285446036947,0.005428894984113697,0.02650639318826986,18.881454414127365,-0.02320157171550008,-0.055742329379862454,0.007547205635382914,-0.022921688893704717,0.0,0.0
2025-06-06,0.24556697007137362,0.22206226273155583,0.24446312252507685,0.221698082254691,18.852398229698522,0.06781970177978103,0.051305943801565945,0.026086480354204244,0.007547205635382914,0.0,0.0
2025-06-09,0.0,0.0,0.0,0.0,18.852398229698522,0.0,0.0,-0.006681539333482478,0.026086480354204244,0.0,0.0
2025-06-10,0.0,0.0,0.0,0.0,18.852398229698522,0.0,0.0,-0.000447027276107681,-0.006681539333482478,0.0,0.0
2025-06-11,0.0,0.0,0.0,0.0,18.852398229698522,0.0,0.0,-0.012145898302108105,-0.000447027276107681,0.0,0.0
2025-06-12,0.0,0.0,0.0,0.0,18.852398229698522,0.0,0.0,-0.012524358177778527,-0.012145898302108105,0.0,0.0
2025-06-13,0.0,0.0,0.0,0.0,18.852398229698522,0.0,0.0,0.009578180409326897,-0.012524358177778527,0.0,0.0
2025-06-16,0.0,0.0,0.0,0.0,18.852398229698522,0.0,0.0,0.009487308568130182,0.009578180409326897,0.0,0.0
2025-06-17,0.0,0.0,0.0,0.0,18.852398229698522,0.0,0.0,-0.014036906952584971,0.009487308568130182,0.0,0.0
2025-06-18,0.0,0.0,0.0,0.0,18.852398229698522,0.0,0.0,0.0009115770913834531,-0.014036906952584971,0.0,0.0
2025-06-19,0.0,0.0,0.0,0.0,18.852398229698522,0.0,0.0,-0.001139601262933665,0.0009115770913834531,0.0,0.0
2025-06-20,0.0,0.0,0.0,0.0,18.852398229698522,0.0,0.0,-0.0020545607044661907,-0.001139601262933665,0.0,0.0
2025-06-23,0.0,0.0,0.0,0.0,18.852398229698522,0.0,0.0,-0.00803032880222343,-0.0020545607044661907,0.0,0.0
2025-06-24,0.0,0.0,0.0,0.0,18.852398229698522,0.0,0.0,-0.01088603686086742,-0.00803032880222343,0.0,0.0
2025-06-25,0.0,0.0,0.0,0.0,18.852398229698522,0.0,0.0,-0.0009319665166636071,-0.01088603686086742,0.0,0.0
2025-06-26,0.0,0.0,0.0,0.0,18.852398229698522,0.0,0.0,-0.010544913176614878,-0.0009319665166636071,0.0,0.0
2025-06-27,0.0,0.0,0.0,0.0,18.852398229698522,0.0,0.0,0.006808337133645148,-0.010544913176614878,0.0,0.0
2025-06-30,0.0,0.0,0.0,0.0,18.852398229698522,0.0,0.0,-0.010111785159025555,0.006808337133645148,0.0,0.0
2025-07-01,0.07122180791782373,0.06655627192183555,-0.01065653733444627,-0.011211357054883742,19.67851654101114,-0.015337778076291997,0.037648882319918364,0.00236071875452315,-0.010111785159025555,0.0,0.0
2025-07-02,-0.16911760247292484,-0.16091067215242916,-0.11340011132753247,-0.07633899973605196,19.24568917760492,0.019600091879292236,0.014911934144665295,0.009621099675037659,0.00236071875452315,0.0,0.0
2025-07-03,-0.14973645708367034,-0.13874995173403715,-0.1502649059016372,-0.14166223724207772,19.64961929722208,-0.04337503926677222,-0.05664395158793578,0.014835691666746698,0.009621099675037659,0.0,0.0
2025-07-04,-0.240598375061575,-0.10910778561794565,-0.2165180956141839,-0.1433534404394985,20.230672983078033,-0.13089569346711194,-0.11686479340891509,-0.004150340290057342,0.014835691666746698,0.0,0.0
2025-07-07,0.5926785093487794,0.448333165262099,0.5968783331146161,0.482825622349643,18.758152488042384,0.20756207402409288,0.1654120403766557,0.012399699629094263,-0.004150340290057342,0.0,0.0
2025-07-08,0.13778119894902208,0.1434313813532233,0.12780286386263207,0.13311263711236077,18.83860129991202,0.017505645927800018,0.017371744673837952,0.007955491441114626,0.012399699629094263,0.0,0.0
2025-07-09,0.0,0.0,0.0,0.0,18.83860129991202,0.0,0.0,-0.017125661158289285,0.007955491441114626,0.0,0.0
2025-07-10,0.0,0.0,0.0,0.0,18.83860129991202,0.0,0.0,0.0009208103781377375,-0.017125661158289285,0.0,0.0
2025-07-11,0.0,0.0,0.0,0.0,18.83860129991202,0.0,0.0,0.01756231705195188,0.0009208103781377375,0.0,0.0
2025-07-14,0.0,0.0,0.0,0.0,18.83860129991202,0.0,0.0,0.0009039548638141159,0.01756231705195188,0.0,0.0
2025-07-15,0.0,0.0,0.0,0.0,18.83860129991202,0.0,0.0,0.01390780604979125,0.0009039548638141159,0.0,0.0
2025-07-16,0.0,0.0,0.0,0.0,18.83860129991202,0.0,0.0,-0.007602898877022479,0.01390780604979125,0.0,0.0
2025-07-17,0.0,0.0,0.0,0.0,18.83860129991202,0.0,0.0,0.0017941247243602465,-0.007602898877022479,0.0,0.0
2025-07-18,0.0,0.0,0.0,0.0,18.83860129991202,0.0,0.0,-0.007195893429780442,0.0017941247243602465,0.0,0.0
2025-07-21,0.0,0.0,0.0,0.0,18.83860129991202,0.0,0.0,-0.013862283109853601,-0.007195893429780442,0.0,0.0
2025-07-22,0.0,0.0,0.0,0.0,18.83860129991202,0.0,0.0,-0.00781074497015366,-0.013862283109853601,0.0,0.0
2025-07-23,0.0,0.0,0.0,0.0,18.83860129991202,0.0,0.0,0.011921278275638603,-0.00781074497015366,0.0,0.0
2025-07-24,0.0,0.0,0.0,0.0,18.83860129991202,0.0,0.0,0.004547529437629594,0.011921278275638603,0.0,0.0
2025-07-25,0.0,0.0,0.0,0.0,18.83860129991202,0.0,0.0,-0.005003421854916867,0.004547529437629594,0.0,0.0
2025-07-28,0.0,0.0,0.0,0.0,18.83860129991202,0.0,0.0,0.007722046093910251,-0.005003421854916867,0.0,0.0
2025-07-29,0.0,0.0,0.0,0.0,18.83860129991202,0.0,0.0,-0.02103415454542623,0.007722046093910251,0.0,0.0
2025-07-30,0.0,0.0,0.0,0.0,18.83860129991202,0.0,0.0,0.011486457556490803,-0.02103415454542623,0.0,0.0
2025-07-31,0.0,0.0,0.0,0.0,18.83860129991202,0.0,0.0,-0.0041199417397281834,0.011486457556490803,0.0,0.0
2025-08-01,-0.24173800859309313,-0.24481735387984216,-0.2621517471996633,-0.25479767660362285,19.242001242633798,-0.06883797136201864,-0.027369307572411294,-0.032636929313022645,-0.0041199417397281834,0.0,0.0
2025-08-04,-0.31734094048432837,-0.30744301947731056,-0.3758837210960939,-0.3749595095790603,19.981432488909192,-0.17205483578668712,-0.11638820106352377,-0.005226906649479224,-0.032636929313022645,0.0,0.0
2025-08-05,0.13023872216688837,0.11440779784174726,0.20411978641041362,0.19786301930795247,19.105946956100997,0.12813380181454193,0.04022896614425964,-0.00047653086439058967,-0.005226906649479224,0.0,0.0
2025-08-06,0.0,0.0,0.0,0.0,19.105946956100997,0.0,0.0,0.005229391522532101,-0.00047653086439058967,0.0,0.0
2025-08-07,0.29817649573037475,0.3001170753643496,0.31276409519594406,0.30984247712179425,18.743705835915698,0.09453720988356373,0.0797307613538134,0.006145138695153873,0.005229391522532101,0.0,0.0
2025-08-08,0.1305535747579274,0.1345762840586886,0.13011626155419442,0.13267164815013466,18.63094167753929,0.025991219699021073,0.021824116575145602,0.009147477881497279,0.006145138695153873,0.0,0.0
2025-08-11,0.0,0.0,0.0,0.0,18.63094167753929,0.0,0.0,-0.0023375419713460577,0.009147477881497279,0.0,0.0
2025-08-12,0.0,0.0,0.0,0.0,18.63094167753929,0.0,0.0,0.004669632580535765,-0.0023375419713460577,0.0,0.0
2025-08-13,0.0,0.0,0.0,0.0,18.63094167753929,0.0,0.0,-0.012422519998557258,0.004669632580535765,0.0,0.0
2025-08-14,0.0,0.0,0.0,0.0,18.63094167753929,0.0,0.0,0.012422519998557258,-0.012422519998557258,0.0,0.0
2025-08-15,0.0,0.0,0.0,0.0,18.63094167753929,0.0,0.0,0.008119752301756877,0.012422519998557258,0.0,0.0
2025-08-18,0.0,0.0,0.0,0.0,18.63094167753929,0.0,0.0,0.002538365272033216,0.008119752301756877,0.0,0.0
2025-08-19,0.0,0.0,0.0,0.0,18.63094167753929,0.0,0.0,-0.008563875970675427,0.002538365272033216,0.0,0.0
2025-08-20,0.0,0.0,0.0,0.0,18.63094167753929,0.0,0.0,-0.0013956736389746371,-0.008563875970675427,0.0,0.0
2025-08-21,0.0,0.0,0.0,0.0,18.63094167753929,0.0,0.0,0.008344971932180423,-0.0013956736389746371,0.0,0.0
2025-08-22,0.0,0.0,0.0,0.0,18.63094167753929,0.0,0.0,-0.01722976266745624,0.008344971932180423,0.0,0.0
2025-08-25,0.0,0.0,0.0,0.0,18.63094167753929,0.0,0.0,0.00398453591743575,-0.01722976266745624,0.0,0.0
2025-08-26,0.0,0.0,0.0,0.0,18.63094167753929,0.0,0.0,-0.004454350349380354,0.00398453591743575,0.0,0.0
2025-08-27,0.0,0.0,0.0,0.0,18.63094167753929,0.0,0.0,-0.004238292193235793,-0.004454350349380354,0.0,0.0
2025-08-28,0.0,0.0,0.0,0.0,18.63094167753929,0.0,0.0,-0.002835540652242452,-0.004238292193235793,0.0,0.0
2025-08-29,0.0,0.0,0.0,0.0,18.63094167753929,0.0,0.0,0.0,-0.002835540652242452,0.0,0.0
2025-09-01,0.0,0.0,0.0,0.0,18.63094167753929,0.0,-0.023645160125532527,0.0,0.0,0.0,0.0
2025-09-02,0.0,0.0,0.0,0.0,18.63094167753929,0.0,0.0,0.0,0.0,0.0,0.0
2025-09-03,0.0,0.0,0.0,0.0,18.63094167753929,0.0,0.0,0.0,0.0,0.0,0.0
2025-09-04,-0.6075229765784451,-0.4653228391178228,-0.6150165846446001,-0.4687564598300824,20.233744981305783,-0.15776732974841146,-0.1540505942276491,0.0,0.0,0.0,0.0
2025-09-05,0.17115280101513264,0.02683056414718532,0.166596527066039,0.020088994913559866,18.705634104353383,0.03652712807945235,0.08119641276768075,0.0,0.0,0.0,0.0
2025-09-08,0.0,0.0,0.0,0.0,18.705634104353383,0.0,0.0,0.0,0.0,0.0,0.0
2025-09-09,0.0,0.0,0.0,0.0,18.705634104353383,0.1403323065032538,0.10796802594574828,0.0,0.0,0.0,0.0
2025-09-10,0.0,0.0,0.0,0.0,18.705634104353383,0.0,0.0,0.0,0.0,0.0,0.0
2025-09-11,0.0,0.0,0.0,0.0,18.705634104353383,0.0,0.0,0.0,0.0,0.0,0.0
2025-09-12,0.0,0.0,0.0,0.0,18.705634104353383,0.0,0.0,0.0,0.0,0.0,0.0
